INSERT INTO bio_concentration(species, bcf, cf, r, ctree) VALUES
('Oak', '0.50', '0.50', '0.50', '0.00'),
('Pine', '0.50', '0.52', '0.16', '0.00'),
('Eucalyptus', '0.50', '0.50', '0.50', '0.00'),
('Olive', '0.50', '0.50', '0.50', '0.00');

INSERT INTO plant (plot_nr, coordinate, species, cover, temperature, humidity, date, zone) VALUES
('ZAP1', '37,444218N 7,919816W', 'Olea europaea', '60', '27', 49, '2020-01-01', 'A'),
('ZAP1', '37,444218N 7,919816W', 'N.I.D', '40', '27', 49, '2020-01-01', 'A'),
('ZAP2', '37,444218N 7,919828W', 'Chenopodium album', '2', '28', 44, '2020-01-01', 'A'),
('ZAP2', '37,444218N 7,919828W', 'N.I.D', '98', '28', 44, '2020-01-01', 'A'),
('ZAP3', '37,444532N 7,919761W', 'Chenopodium album', '10', '28', 42, '2020-01-01', 'A'),
('ZAP3', '37,444532N 7,919761W', 'N.I.D', '90', '28', 42, '2020-01-01', 'A'),
('ZAP4', '37,444731N 7,919724W', 'Citrus ? sinensis', '20', '28', 41, '2020-01-01', 'A'),
('ZAP4', '37,444731N 7,919724W', 'Stipa tenacissima  ?', '70', '28', 41, '2020-01-01', 'A'),
('ZAP4', '37,444731N 7,919724W', 'N.I.D', '10', '28', 41, '2020-01-01', 'A'),
('ZAP5', '37,444647N 7,919622W', 'Heliotropium europaeum', '10', '27', 50, '2020-01-01', 'A'),
('ZAP5', '37,444647N 7,919622W', 'Convolvulus arvensis', '1', '27', 50, '2020-01-01', 'A'),
('ZAP5', '37,444647N 7,919622W', 'Linum strictum   ?', '1', '27', 50, '2020-01-01', 'A'),
('ZAP5', '37,444647N 7,919622W', 'N.I.D', '88', '27', 50, '2020-01-01', 'A'),
('ZBP1', '37,444835N 7,919583W', 'Sonchus oleraceus', '1', '26', 49, '2020-01-01', 'B'),
('ZBP1', '37,444835N 7,919583W', 'Setaria verticillata', '1', '26', 49, '2020-01-01', 'B'),
('ZBP1', '37,444835N 7,919583W', 'Verbena Supina ', '30', '26', 49, '2020-01-01', 'B'),
('ZBP1', '37,444835N 7,919583W', 'Medicago Polymorpha', '3', '26', 49, '2020-01-01', 'B'),
('ZBP1', '37,444835N 7,919583W', 'Chondrilla juncea', '10', '26', 49, '2020-01-01', 'B'),
('ZBP1', '37,444835N 7,919583W', 'Cynodon dactylon', '50', '26', 49, '2020-01-01', 'B'),
('ZBP2', '37,444889N 7,919640W', 'Chenopodium vulvaria', '15', '28', 45, '2020-01-01', 'B'),
('ZBP2', '37,444889N 7,919640W', 'Sonchus asper', '2', '28', 45, '2020-01-01', 'B'),
('ZBP2', '37,444889N 7,919640W', 'Convolvulus arvensis', '40', '28', 45, '2020-01-01', 'B'),
('ZBP2', '37,444889N 7,919640W', 'Setaria verticillata', '1', '28', 45, '2020-01-01', 'B'),
('ZBP2', '37,444889N 7,919640W', 'Atriplex laciniata', '2', '28', 45, '2020-01-01', 'B'),
('ZBP2', '37,444889N 7,919640W', 'N.I.D', '40', '28', 45, '2020-01-01', 'B'),
('ZBP3', '37,444891N 7,919505W', 'Foeniculum vulgare', '19', '30', 38, '2020-01-01', 'B'),
('ZBP3', '37,444891N 7,919505W', 'N.I.D', '80', '30', 38, '2020-01-01', 'B'),
('ZBP3', '37,444891N 7,919505W', 'Heliotropium europaeum', '1', '30', 38, '2020-01-01', 'B'),
('ZBP4', '37,444957N 7,919610W', 'Fallopia convolvulus', '5', '28', 51, '2020-01-01', 'B'),
('ZBP4', '37,444957N 7,919610W', 'Cynodon dactylon', '15', '28', 51, '2020-01-01', 'B'),
('ZBP4', '37,444957N 7,919610W', 'Convolvulus arvensis', '2', '28', 51, '2020-01-01', 'B'),
('ZBP5', '37,444853N 7,919706W', 'Heliotropium europaeum', '10', '30', 31, '2020-01-01', 'B'),
('ZBP5', '37,444853N 7,919706W', 'N.I.D', '85', '30', 31, '2020-01-01', 'B'),
('ZBP5', '37,444853N 7,919706W', 'Convolvulus arvensis', '5', '30', 31, '2020-01-01', 'B'),
('ZCP1', '37,444983N 7,919463W', 'Daucus carota', '1', '27', 42, '2020-01-01', 'C'),
('ZCP1', '37,444983N 7,919463W', 'Heliotropium europaeum', '4', '27', 42, '2020-01-01', 'C'),
('ZCP1', '37,444983N 7,919463W', 'Jacobaea erucifolia', '3', '27', 42, '2020-01-01', 'C'),
('ZCP1', '37,444983N 7,919463W', 'N.I.D', '92', '27', 42, '2020-01-01', 'C'),
('ZCP2', '37,445118N 7,919125W', 'Mentha suaveolens', '6', '27', 38, '2020-01-01', 'C'),
('ZCP2', '37,445118N 7,919125W', 'Daucus carota', '2', '27', 38, '2020-01-01', 'C'),
('ZCP2', '37,445118N 7,919125W', 'Foeniculum vulgare', '1', '27', 38, '2020-01-01', 'C'),
('ZCP2', '37,445118N 7,919125W', 'Trifolium angustifolium', '1', '27', 38, '2020-01-01', 'C'),
('ZCP2', '37,445118N 7,919125W', 'N.I.D', '90', '27', 38, '2020-01-01', 'C'),
('ZCP3', '37,445451N 7,918832W', 'Olea europaea', '70', '27', 40, '2020-01-01', 'C'),
('ZCP3', '37,445451N 7,918832W', 'Foeniculum vulgare', '5', '27', 40, '2020-01-01', 'C'),
('ZCP3', '37,445451N 7,918832W', 'N.I.D', '25', '27', 40, '2020-01-01', 'C'),
('ZCP4', '37,445367N 7,917996W', 'Quercus suber', '95', '27', 35, '2020-01-01', 'C'),
('ZCP4', '37,445367N 7,917996W', 'Foeniculum vulgare', '5', '27', 35, '2020-01-01', 'C'),
('ZCP5', '37,445388N 7,918271W', 'Daucus carota', '1', '27', 40, '2020-01-01', 'C'),
('ZCP5', '37,445388N 7,918271W', 'N.I.D', '99', '27', 40, '2020-01-01', 'C'),
('ZDP1', '37,444578N 7,919119W', 'Asparagus horridus ', '1', '24', 54, '2020-01-01', 'D'),
('ZDP1', '37,444578N 7,919119W', 'Daphne gnidium', '40', '24', 54, '2020-01-01', 'D'),
('ZDP1', '37,444578N 7,919119W', 'N.I.D', '39', '24', 54, '2020-01-01', 'D'),
('ZDP1', '37,444578N 7,919119W', 'Olea europaea', '20', '24', 54, '2020-01-01', 'D'),
('ZDP2', '37,444701N 7,918902W', 'Cistus ladanifer ', '100', '25', 54, '2020-01-01', 'D'),
('ZDP3', '37,444782N 7,918801W', 'Daphne gnidium', '20', '27', 47, '2020-01-01', 'D'),
('ZDP3', '37,444782N 7,918801W', 'Carthamus lanatus ', '15', '27', 47, '2020-01-01', 'D'),
('ZDP3', '37,444782N 7,918801W', 'Lavandula viridis ', '60', '27', 47, '2020-01-01', 'D'),
('ZDP3', '37,444782N 7,918801W', 'N.I.D', '15', '27', 47, '2020-01-01', 'D'),
('ZDP4', '37,444837N 7,918670W', 'Daucus carota', '5', '27', 47, '2020-01-01', 'D'),
('ZDP4', '37,444837N 7,918670W', 'Lavandula viridis ', '1', '27', 47, '2020-01-01', 'D'),
('ZDP4', '37,444837N 7,918670W', 'Avena Fatua', '2', '27', 47, '2020-01-01', 'D'),
('ZDP4', '37,444837N 7,918670W', 'Briza maxima', '10', '27', 47, '2020-01-01', 'D'),
('ZDP4', '37,444837N 7,918670W', 'Carlina corymbosal', '3', '27', 47, '2020-01-01', 'D'),
('ZDP4', '37,444837N 7,918670W', 'N.I.D', '79', '27', 47, '2020-01-01', 'D'),
('ZDP5', '37,444969N 7,918493W', 'Daucus carota', '1', '27', 50, '2020-01-01', 'D'),
('ZDP5', '37,444969N 7,918493W', 'Heliotropium europaeum', '89', '27', 50, '2020-01-01', 'D'),
('ZDP5', '37,444969N 7,918493W', 'Sohamun nigrum', '10', '27', 50, '2020-01-01', 'D'),
('ZEP1', '37,444510N 7,918993W ', 'Pinus halepensis ', '99', '28', 39, '2020-01-01', 'E'),
('ZEP1', '37,444510N 7,918993W ', 'Cistus ladanifer ', '1', '28', 39, '2020-01-01', 'E'),
('ZEP2', '37,444671N 7,918805W', 'Carlina corymbosal', '10', '29', 37, '2020-01-01', 'E'),
('ZEP2', '37,444671N 7,918805W', 'Daucus carota', '3', '29', 37, '2020-01-01', 'E'),
('ZEP2', '37,444671N 7,918805W', 'N.I.D', '87', '29', 37, '2020-01-01', 'E'),
('ZEP3', '37,444787N 7,918375W', 'Cistus ladanifer ', '50', '30', 35, '2020-01-01', 'E'),
('ZEP3', '37,444787N 7,918375W', 'Pinus halepensis', '30', '30', 35, '2020-01-01', 'E'),
('ZEP3', '37,444787N 7,918375W', 'N.I.D', '20', '30', 35, '2020-01-01', 'E'),
('ZFP1', '37,443859N 7,919506W', 'Pinus halepensis ', '90', '28', 39, '2020-01-01', 'F'),
('ZFP1', '37,443859N 7,919506W', 'Quercus coccifera', '2', '28', 39, '2020-01-01', 'F'),
('ZFP1', '37,443859N 7,919506W', 'Olea europaea', '1', '28', 39, '2020-01-01', 'F'),
('ZFP1', '37,443859N 7,919506W', 'N.I.D', '7', '28', 39, '2020-01-01', 'F'),
('ZFP2', '37,443738N 7,919443W', 'Pinus halepensis ', '80', '28', 39, '2020-01-01', 'F'),
('ZFP2', '37,443738N 7,919443W', 'Olea europaea', '2', '28', 39, '2020-01-01', 'F'),
('ZFP2', '37,443738N 7,919443W', 'N.I.D', '18', '28', 39, '2020-01-01', 'F'),
('ZGP1', '37,443827N 7,919671W', 'Cupressus semperviruns', '4', '28', 44, '2020-01-01', 'G'),
('ZGP1', '37,443827N 7,919671W', 'Vitus vinifera', '15', '28', 44, '2020-01-01', 'G'),
('ZGP1', '37,443827N 7,919671W', 'Conyea bonariensis', '1', '28', 44, '2020-01-01', 'G'),
('ZGP1', '37,443827N 7,919671W', 'N.I.D', '80', '28', 44, '2020-01-01', 'G'),
('ZGP2', '37,443750N 7,919677W', 'Prunus armeniaca', '4', '28', 44, '2020-01-01', 'G'),
('ZGP2', '37,443750N 7,919677W', 'N.I.D', '96', '28', 44, '2020-01-01', 'G'),
('ZGP3', '37,443513N 7,919595W', 'Conyea bonariensis', '10', '28', 44, '2020-01-01', 'G'),
('ZGP3', '37,443513N 7,919595W', 'Prunus dulcis', '5', '28', 44, '2020-01-01', 'G'),
('ZGP3', '37,443513N 7,919595W', 'Lactua sativa var. crispa.', '20', '28', 44, '2020-01-01', 'G'),
('ZGP3', '37,443513N 7,919595W', 'Conysa canadensis', '5', '28', 44, '2020-01-01', 'G'),
('ZGP3', '37,443513N 7,919595W', 'Oxanis corniculata', '50', '28', 44, '2020-01-01', 'G'),
('ZGP3', '37,443513N 7,919595W', 'Malvella sherardiana ', '2', '28', 44, '2020-01-01', 'G'),
('ZGP3', '37,443513N 7,919595W', 'N.I.D', '8', '28', 44, '2020-01-01', 'G'),
('ZHP1', '37,444616N 7,917854W', 'Quercus suber', '90', '27', 50, '2020-01-01', 'H'),
('ZHP1', '37,444616N 7,917854W', 'Daphne gnidium', '5', '27', 50, '2020-01-01', 'H'),
('ZHP1', '37,444616N 7,917854W', 'Asparagus horridus ', '0', '27', 50, '2020-01-01', 'H'),
('ZHP1', '37,444616N 7,917854W', 'N.I.D', '5', '27', 50, '2020-01-01', 'H'),
('ZHP2', '37,444810N 7,917687W', 'Eryngium campestre', '5', '29', 46, '2020-01-01', 'H'),
('ZHP2', '37,444810N 7,917687W', 'N.I.D', '95', '29', 46, '2020-01-01', 'H'),
('ZHP3', '37,444953N 7,917749W', 'Quercus suber', '95', '29', 46, '2020-01-01', 'H'),
('ZHP3', '37,444953N 7,917749W', 'Cistus ladanifer ', '5', '29', 46, '2020-01-01', 'H'),
('ZHP4', '37,444878N 7,917408W', 'Daucus carota', '2', '29', 46, '2020-01-01', 'H'),
('ZHP4', '37,444878N 7,917408W', 'Asparagus horridus ', '10', '29', 46, '2020-01-01', 'H'),
('ZHP4', '37,444878N 7,917408W', 'N.I.D', '88', '29', 46, '2020-01-01', 'H'),
('ZHP5', '37,444380N 7,917513W', 'Quercus suber', '90', '29', 46, '2020-01-01', 'H'),
('ZHP5', '37,444380N 7,917513W', 'Cistus ladanifer ', '10', '29', 46, '2020-01-01', 'H'),
('ZIP1', '37,443283N 7,918788W', 'Avena fatua', '1', '20', 63, '2020-01-01', 'I'),
('ZIP1', '37,443283N 7,918788W', 'Daucus carota', '3', '20', 60, '2020-01-01', 'I'),
('ZIP1', '37,443283N 7,918788W', 'Symphyotrichum subulatum ', '5', '20', 60, '2020-01-01', 'I'),
('ZIP1', '37,443283N 7,918788W', 'Torilis arvenis ', '20', '20', 60, '2020-01-01', 'I'),
('ZIP1', '37,443283N 7,918788W', 'Juncus effusus ', '30', '20', 60, '2020-01-01', 'I'),
('ZIP1', '37,443283N 7,918788W', 'N.I.D', '41', '20', 60, '2020-01-01', 'I'),
('ZIP2', '37,443573N 7,918519W', 'Pinus halepensis ', '100', '20', 60, '2020-01-01', 'I'),
('ZIP2', '37,443573N 7,918519W', 'Olea europaea', '0', '20', 60, '2020-01-01', 'I'),
('ZIP3', '37,443765N 7,918569W', 'Asparagus horridus ', '2', '20', 60, '2020-01-01', 'I'),
('ZIP3', '37,443765N 7,918569W', 'Prunus persica ', '70', '20', 60, '2020-01-01', 'I'),
('ZIP3', '37,443765N 7,918569W', 'N.I.D', '28', '20', 60, '2020-01-01', 'I'),
('ZIP4', '37,443977N 7,918446W', 'Eryngium campestre', '10', '20', 60, '2020-01-01', 'I'),
('ZIP4', '37,443977N 7,918446W', 'Foeniculum vulgare', '20', '20', 60, '2020-01-01', 'I'),
('ZIP4', '37,443977N 7,918446W', 'N.I.D', '70', '20', 60, '2020-01-01', 'I'),
('ZIP5', '37,444175N 7,918630W', 'Avena fatua', '10', '20', 60, '2020-01-01', 'I'),
('ZIP5', '37,444175N 7,918630W', 'Heliotropium europaeum', '10', '20', 60, '2020-01-01', 'I'),
('ZIP5', '37,444175N 7,918630W', 'N.I.D', '80', '20', 60, '2020-01-01', 'I'),
('ZIP6', '37,444298N 7,918608W', 'Foeniculum vulgare', '3', '20', 62, '2020-01-01', 'I'),
('ZIP6', '37,444298N 7,918608W', 'Heliotropium europaeum', '5', '20', 62, '2020-01-01', 'I'),
('ZIP6', '37,444298N 7,918608W', 'Agave americana ', '50', '20', 62, '2020-01-01', 'I'),
('ZIP6', '37,444298N 7,918608W', 'N.I.D', '42', '20', 62, '2020-01-01', 'I'),
('ZIP7', '37,444314N 7,918422W', 'Avena fatua ', '1', '20', 62, '2020-01-01', 'I'),
('ZIP7', '37,444314N 7,918422W', 'Euphorbia prostrata Aiton', '5', '20', 62, '2020-01-01', 'I'),
('ZIP7', '37,444314N 7,918422W', 'Rumex pulcher', '10', '20', 62, '2020-01-01', 'I'),
('ZIP7', '37,444314N 7,918422W', 'Heliotropium europaeum', '25', '20', 62, '2020-01-01', 'I'),
('ZIP7', '37,444314N 7,918422W', 'N.I.D', '59', '20', 62, '2020-01-01', 'I'),
('ZIP8', '37,443827N 7,918201W', 'Avena fatua', '2', '20', 61, '2020-01-01', 'I'),
('ZIP8', '37,443827N 7,918201W', 'Carlina corymbosa ', '15', '20', 61, '2020-01-01', 'I'),
('ZIP8', '37,443827N 7,918201W', 'N.I.D', '83', '20', 61, '2020-01-01', 'I'),
('ZIP9', '37,443382N 7,918304W', 'Symphyotrichum subulatum ', '23', '20', 61, '2020-01-01', 'I'),
('ZIP9', '37,443382N 7,918304W', 'Erigeron sumatrensis', '27', '20', 61, '2020-01-01', 'I'),
('ZIP9', '37,443382N 7,918304W', 'Nepeta nepetella ', '50', '20', 61, '2020-01-01', 'I'),
('ZIP1', '37,443401N 7,918192W', 'Chrozophora tinctoria ', '70', '20', 61, '2020-01-01', 'I'),
('ZIP1', '37,443401N 7,918192W', 'N.I.D', '30', '20', 61, '2020-01-01', 'I'),
('ZJP1', '37,443335N 7,918554W', 'Arundo donax', '100', '20', 63, '2020-01-01', 'J'),
('ZJP2', '37,443353N 7,918454W', 'Olea europaea', '1', '20', 63, '2020-01-01', 'J'),
('ZJP2', '37,443353N 7,918454W', 'Myrtus communis ', '2', '20', 63, '2020-01-01', 'J'),
('ZJP2', '37,443353N 7,918454W', 'Juncus effusus ', '5', '20', 63, '2020-01-01', 'J'),
('ZJP2', '37,443353N 7,918454W', 'Agave americana ', '10', '20', 63, '2020-01-01', 'J'),
('ZJP2', '37,443353N 7,918454W', 'N.I.D', '82', '20', 63, '2020-01-01', 'J'),
('ZJP3', '37,443350N 7,918684W', 'Torilis arvenis ', '10', '20', 63, '2020-01-01', 'J'),
('ZJP3', '37,443350N 7,918684W', 'Juncus effusus ', '60', '20', 63, '2020-01-01', 'J'),
('ZJP3', '37,443350N 7,918684W', 'N.I.D', '30', '20', 63, '2020-01-01', 'J'),
('ZKP1', '37,443043N 7,919075W', 'Pinus halepensis', '75', '30', 33, '2020-01-01', 'k'),
('ZKP1', '37,443043N 7,919075W', 'Cistus ladanifer', '5', '30', 33, '2020-01-01', 'k'),
('ZKP1', '37,443043N 7,919075W', 'N.I.D', '20', '30', 33, '2020-01-01', 'k'),
('ZKP2', '37,443114N 7,918707W', 'Quercus suber', '60', '30', 33, '2020-01-01', 'k'),
('ZKP2', '37,443114N 7,918707W', 'Cistus ladanifer', '25', '30', 33, '2020-01-01', 'k'),
('ZKP2', '37,443114N 7,918707W', 'N.I.D', '15', '30', 33, '2020-01-01', 'k'),
('ZKP3', '37,442600N 7,918780W', 'Pinus halepensis', '80', '30', 33, '2020-01-01', 'k'),
('ZKP3', '37,442600N 7,918780W', 'N.I.D', '20', '30', 33, '2020-01-01', 'k'),
('ZLP1', '37,442568N 7,918379W', 'Avena Fatua', '20', '31', 31, '2020-01-01', 'L'),
('ZLP1', '37,442568N 7,918379W', 'Briza maxima', '20', '31', 31, '2020-01-01', 'L'),
('ZLP1', '37,442568N 7,918379W', 'N.I.D', '60', '31', 31, '2020-01-01', 'L'),
('ZLP2', '37,442872N 7,918287W', 'Daucus carota', '20', '31', 31, '2020-01-01', 'L'),
('ZLP2', '37,442872N 7,918287W', 'N.I.D', '80', '31', 31, '2020-01-01', 'L'),
('ZMP1', '37,444522N 7,917031W', 'Olea europaea', '70', '30', 42, '2020-01-01', 'M'),
('ZMP1', '37,444522N 7,917031W', 'N.I.D', '30', '30', 42, '2020-01-01', 'M'),
('ZMP2', '37,444273N 7,916975W', 'Quercus suber', '99', '30', 44, '2020-01-01', 'M'),
('ZMP2', '37,444273N 7,916975W', 'Cistus ladanifer', '1', '30', 44, '2020-01-01', 'M'),
('ZMP3', '37,444380N 7,916736W', 'N.I.D', '100', '30', 42, '2020-01-01', 'M'),
('ZMP4', '37,444294N 7,916243W', 'Avena Fatua', '2', '30', 38, '2020-01-01', 'M'),
('ZMP4', '37,444294N 7,916243W', 'Quercus suber', '1', '30', 38, '2020-01-01', 'M'),
('ZMP4', '37,444294N 7,916243W', 'Briza maxima', '3', '30', 38, '2020-01-01', 'M'),
('ZMP4', '37,444294N 7,916243W', 'N.I.D', '99', '30', 38, '2020-01-01', 'M'),
('ZMP5', '37,443886N 7,915968W', 'Quercus ilex', '80', '30', 39, '2020-01-01', 'M'),
('ZMP5', '37,443886N 7,915968W', 'Cistus ladanifer', '20', '30', 39, '2020-01-01', 'M'),
('ZNP1', '37,444184N 7,917170W', 'Quercus suber', '90', '30', 43, '2020-01-01', 'N'),
('ZNP1', '37,444184N 7,917170W', 'Cistus ladanifer', '10', '30', 43, '2020-01-01', 'N'),
('ZNP2', '37,444125N 7,917133W', 'Cistus ladanifer', '30', '30', 44, '2020-01-01', 'N'),
('ZNP2', '37,444125N 7,917133W', 'N.I.D', '70', '30', 44, '2020-01-01', 'N'),
('ZNP3', '37,444052N 7,917413W', 'Olea europaea', '100', '30', 34, '2020-01-01', 'N'),
('ZNP3', '37,444052N 7,917413W', 'Asparagus horridus', '0', '30', 34, '2020-01-01', 'N'),
('ZOP1', '37,444187N 7,917680W', 'N.I.D', '100', '30', 37, '2020-01-01', 'O'),
('ZOP2', '37,444103N 7,917715W', 'Daphne gnidium', '80', '30', 34, '2020-01-01', 'O'),
('ZOP2', '37,444103N 7,917715W', 'N.I.D', '20', '30', 34, '2020-01-01', 'O'),
('ZOP3', '37,444180N 7,917869W', 'Cistus ladanifer', '40', '30', 36, '2020-01-01', 'O'),
('ZOP3', '37,444180N 7,917869W', 'Olea europaea', '20', '30', 36, '2020-01-01', 'O'),
('ZOP3', '37,444180N 7,917869W', 'N.I.D', '40', '30', 36, '2020-01-01', 'O'),
('ZOP4', '37,444179N 7,917789W', 'Avena fatua ', '2', '30', 40, '2020-01-01', 'O'),
('ZOP4', '37,444179N 7,917789W', 'Carlina corymbosa ', '1', '30', 40, '2020-01-01', 'O'),
('ZOP4', '37,444179N 7,917789W', 'N.I.D', '97', '30', 40, '2020-01-01', 'O'),
('ZOP5', '37,444218N 7,917958W', 'Foeniculum vulgare ', '20', '30', 32, '2020-01-01', 'O'),
('ZOP5', '37,444218N 7,917958W', 'Olea europaea', '20', '30', 32, '2020-01-01', 'O'),
('ZOP5', '37,444218N 7,917958W', 'N.I.D', '60', '30', 32, '2020-01-01', 'O'),
('ZPP1', '37,443917N 7,917856W', 'Cistus ladanifer', '80', '22', 48, '2020-01-01', 'P'),
('ZPP1', '37,443917N 7,917856W', 'Asparagus horridus', '19', '22', 48, '2020-01-01', 'P'),
('ZPP1', '37,443917N 7,917856W', 'N.I.D', '1', '22', 48, '2020-01-01', 'P'),
('ZPP2', '37,443994N 7,917867W', 'Quercus suber', '80', '22', 47, '2020-01-01', 'P'),
('ZPP2', '37,443994N 7,917867W', 'Cistus monspeliensis', '5', '22', 47, '2020-01-01', 'P'),
('ZPP2', '37,443994N 7,917867W', 'Cistus ladanifer', '15', '22', 47, '2020-01-01', 'P'),
('ZPP3', '37,443881N 7,917747W', 'Crataegus douglasii', '40', '22', 50, '2020-01-01', 'P'),
('ZPP3', '37,443881N 7,917747W', 'N.I.D', '60', '22', 50, '2020-01-01', 'P'),
('ZQP1', '37,443474N 7,917981W', 'Cistus ladanifer', '5', '21', 64, '2020-01-01', 'Q'),
('ZQP1', '37,443474N 7,917981W', 'Cistus monspeliensis', '15', '21', 64, '2020-01-01', 'Q'),
('ZQP1', '37,443474N 7,917981W', 'N.I.D', '80', '21', 64, '2020-01-01', 'Q'),
('ZQP2', '37,443521N 7,918012W', 'Asparagus horridus', '1', '21', 64, '2020-01-01', 'Q'),
('ZQP2', '37,443521N 7,918012W', 'Quercus suber', '5', '21', 64, '2020-01-01', 'Q'),
('ZQP2', '37,443521N 7,918012W', 'Quercus coccifera', '7', '21', 64, '2020-01-01', 'Q'),
('ZQP2', '37,443521N 7,918012W', 'Cistus monspeliensis', '10', '21', 64, '2020-01-01', 'Q'),
('ZQP2', '37,443521N 7,918012W', 'N.I.D', '77', '21', 64, '2020-01-01', 'Q'),
('ZQP3', '37,443609N 7,918021W', 'Cistus monspeliensis', '100', '21', 64, '2020-01-01', 'Q'),
('ZRP1', '37,443138N 7,918228W', 'Asparagus horridus', '10', '31', 31, '2020-01-01', 'R'),
('ZRP1', '37,443138N 7,918228W', 'N.I.D', '90', '31', 31, '2020-01-01', 'R'),
('ZRP2', '37,4434237N 7,918364W', 'Quercus suber', '70', '31', 31, '2020-01-01', 'R'),
('ZRP2', '37,4434237N 7,918364W', 'Cistus ladanifer ', '30', '31', 31, '2020-01-01', 'R'),
('ZRP3', '37,443275N 7,918239W', 'Avena fatua ', '20', '31', 31, '2020-01-01', 'R'),
('ZRP3', '37,443275N 7,918239W', 'Scolymus hispanicus ', '12', '31', 31, '2020-01-01', 'R'),
('ZRP3', '37,443275N 7,918239W', 'Rumex pulcher', '4', '31', 31, '2020-01-01', 'R'),
('ZRP3', '37,443275N 7,918239W', 'Briza maxima', '2', '31', 31, '2020-01-01', 'R'),
('ZRP3', '37,443275N 7,918239W', 'N.I.D', '62', '31', 31, '2020-01-01', 'R'),
('ZRP4', '37,443255N 7,918279W', 'Lavendula stoechas ', '10', '31', 31, '2020-01-01', 'R'),
('ZRP4', '37,443255N 7,918279W', 'Quercus suber', '5', '31', 31, '2020-01-01', 'R'),
('ZRP4', '37,443255N 7,918279W', 'Asparagus horridus', '5', '31', 31, '2020-01-01', 'R'),
('ZRP4', '37,443255N 7,918279W', 'Onopordum illyricum ', '2', '31', 31, '2020-01-01', 'R'),
('ZRP4', '37,443255N 7,918279W', 'N.I.D', '78', '31', 31, '2020-01-01', 'R'),
('ZRP5', '37,443210N 7,918219W', 'Foeniculum vulgare ', '10', '31', 31, '2020-01-01', 'R'),
('ZRP5', '37,443210N 7,918219W', 'Artemisia californialess.', '10', '31', 31, '2020-01-01', 'R'),
('ZRP5', '37,443210N 7,918219W', 'Dactylis glomerata ', '1', '31', 31, '2020-01-01', 'R'),
('ZRP5', '37,443210N 7,918219W', 'N.I.D', '79', '31', 31, '2020-01-01', 'R'),
('ZSP1', '37,444002N 7,916555W', 'Ulex parviflorus', '2', '23', 47, '2020-01-01', 'S'),
('ZSP1', '37,444002N 7,916555W', 'Cistus ladanifer', '10', '23', 47, '2020-01-01', 'S'),
('ZSP1', '37,444002N 7,916555W', 'N.I.D', '88', '23', 47, '2020-01-01', 'S'),
('ZSP2', '37,444085N 7,916369W', 'Quercus canariensis', '2', '23', 47, '2020-01-01', 'S'),
('ZSP2', '37,444085N 7,916369W', 'Quercus suber', '1', '23', 47, '2020-01-01', 'S'),
('ZSP2', '37,444085N 7,916369W', 'Cistus ladanifer', '50', '23', 47, '2020-01-01', 'S'),
('ZSP2', '37,444085N 7,916369W', 'Genista anglica', '5', '23', 47, '2020-01-01', 'S'),
('ZSP2', '37,444085N 7,916369W', 'Ulex parviflorus', '1', '23', 47, '2020-01-01', 'S'),
('ZSP2', '37,444085N 7,916369W', 'N.I.D', '22', '23', 47, '2020-01-01', 'S'),
('ZSP3', '37,443979N 7,916312W', 'Cistus ladanifer', '12', '23', 47, '2020-01-01', 'S'),
('ZSP3', '37,443979N 7,916312W', 'N.I.D', '88', '23', 47, '2020-01-01', 'S'),
('ZSP4', '37,444194N 7,916578W', 'Quercus canariensis', '5', '23', 47, '2020-01-01', 'S'),
('ZSP4', '37,444194N 7,916578W', 'Quercus suber', '70', '23', 47, '2020-01-01', 'S'),
('ZSP4', '37,444194N 7,916578W', 'Baccharis pilularis ', '3', '23', 47, '2020-01-01', 'S'),
('ZSP4', '37,444194N 7,916578W', 'N.I.D', '22', '23', 47, '2020-01-01', 'S'),
('ZSP5', '37,444143N 7,916756W', 'Cistus ladanifer', '15', '23', 47, '2020-01-01', 'S'),
('ZSP5', '37,444143N 7,916756W', 'N.I.D', '85', '23', 47, '2020-01-01', 'S'),
('ZTP1', '37,443606N 7,916228W', 'Briza maxima', '1', '30', 40, '2020-01-01', 'T'),
('ZTP1', '37,443606N 7,916228W', 'Trifolium angustifolium', '4', '30', 40, '2020-01-01', 'T'),
('ZTP1', '37,443606N 7,916228W', 'N.I.D', '95', '30', 40, '2020-01-01', 'T'),
('ZTP2', '37,443623N 7,916448W', 'Trifolium angustifolium', '3', '30', 40, '2020-01-01', 'T'),
('ZTP2', '37,443623N 7,916448W', 'Erigeron acer', '2', '30', 40, '2020-01-01', 'T'),
('ZTP2', '37,443623N 7,916448W', 'Avena fatua', '5', '30', 40, '2020-01-01', 'T'),
('ZTP2', '37,443623N 7,916448W', 'N.I.D', '90', '30', 40, '2020-01-01', 'T'),
('ZTP3', '37,443830N 7,916931W', 'Quercus infectoria', '60', '30', 40, '2020-01-01', 'T'),
('ZTP3', '37,443830N 7,916931W', 'Trifolium angustifolium', '1', '30', 40, '2020-01-01', 'T'),
('ZTP3', '37,443830N 7,916931W', 'N.I.D', '39', '30', 40, '2020-01-01', 'T'),
('ZTP4', '37,443920N 7,916639W', 'Olea europea', '40', '30', 40, '2020-01-01', 'T'),
('ZTP4', '37,443920N 7,916639W', 'Cistus ladanifer', '3', '30', 40, '2020-01-01', 'T'),
('ZTP4', '37,443920N 7,916639W', 'Quercus coccifera', '40', '30', 40, '2020-01-01', 'T'),
('ZTP4', '37,443920N 7,916639W', 'N.I.D', '17', '30', 40, '2020-01-01', 'T'),
('ZTP5', '37,443910N 7,917134W', 'Cistus ladanifer', '10', '30', 40, '2020-01-01', 'T'),
('ZTP5', '37,443910N 7,917134W', 'Quercus faginea', '12', '30', 40, '2020-01-01', 'T'),
('ZTP5', '37,443910N 7,917134W', 'Lavendula stoechas ', '20', '30', 40, '2020-01-01', 'T'),
('ZTP5', '37,443910N 7,917134W', 'Cistus monspeliensis', '5', '30', 40, '2020-01-01', 'T'),
('ZTP5', '37,443910N 7,917134W', 'N.I.D', '53', '30', 40, '2020-01-01', 'T'),
('ZTP6', '37,443866N 7,917450W', 'Quercus suber', '80', '30', 40, '2020-01-01', 'T'),
('ZTP6', '37,443866N 7,917450W', 'N.I.D', '20', '30', 40, '2020-01-01', 'T'),
('ZTP7', '37,443680N 7,917606W', 'Avena fatua', '2', '30', 40, '2020-01-01', 'T'),
('ZTP7', '37,443680N 7,917606W', 'Quercus suber', '45', '30', 40, '2020-01-01', 'T'),
('ZTP7', '37,443680N 7,917606W', 'N.I.D', '53', '30', 40, '2020-01-01', 'T'),
('ZUP1', '37,443680N 7,917403W', 'Brimia maritimia ', '2', '27', 40, '2020-01-01', 'U'),
('ZUP1', '37,443680N 7,917403W', 'Cistus ladanifer', '15', '27', 40, '2020-01-01', 'U'),
('ZUP1', '37,443680N 7,917403W', 'Quercus faginea', '10', '27', 40, '2020-01-01', 'U'),
('ZUP1', '37,443680N 7,917403W', 'Briza maxima', '1', '27', 40, '2020-01-01', 'U'),
('ZUP1', '37,443680N 7,917403W', 'Arctium minus', '1', '27', 40, '2020-01-01', 'U'),
('ZUP1', '37,443680N 7,917403W', 'N.I.D', '71', '27', 40, '2020-01-01', 'U'),
('ZUP2', '37,443608N 7,917023W', 'Briza maxima', '4', '27', 40, '2020-01-01', 'U'),
('ZUP2', '37,443608N 7,917023W', 'Quercus faginea', '4', '27', 40, '2020-01-01', 'U'),
('ZUP2', '37,443608N 7,917023W', 'Avena fatua', '2', '27', 40, '2020-01-01', 'U'),
('ZUP2', '37,443608N 7,917023W', 'N.I.D', '90', '27', 40, '2020-01-01', 'U'),
('ZUP3', '37,443390N 7,916655W', 'Trifolium angustifolium', '1', '27', 42, '2020-01-01', 'U'),
('ZUP3', '37,443390N 7,916655W', 'Cistus ladanifer', '10', '27', 42, '2020-01-01', 'U'),
('ZUP3', '37,443390N 7,916655W', 'Cistus monspeliensis', '2', '27', 42, '2020-01-01', 'U'),
('ZUP3', '37,443390N 7,916655W', 'N.I.D', '87', '27', 42, '2020-01-01', 'U'),
('ZUP4', '37,443181N 7,916579W', 'Briza maxima', '2', '27', 42, '2020-01-01', 'U'),
('ZUP4', '37,443181N 7,916579W', 'Cistus ladanifer', '12', '27', 42, '2020-01-01', 'U'),
('ZUP4', '37,443181N 7,916579W', 'Cistus monspeliensis', '43', '27', 42, '2020-01-01', 'U'),
('ZUP4', '37,443181N 7,916579W', 'N.I.D', '43', '27', 42, '2020-01-01', 'U'),
('ZUP5', '37,442978N 7,916509W', 'Cistus monspeliensis', '25', '27', 42, '2020-01-01', 'U'),
('ZUP5', '37,442978N 7,916509W', 'Quercus faginea', '12', '27', 42, '2020-01-01', 'U'),
('ZUP5', '37,442978N 7,916509W', 'N.I.D', '63', '27', 42, '2020-01-01', 'U'),
('ZVP1', '37,443059N 7,917051W', 'Cistus monspeliensis', '10', '28', 44, '2020-01-01', 'V'),
('ZVP1', '37,443059N 7,917051W', 'Quercus faginea', '15', '28', 44, '2020-01-01', 'V'),
('ZVP1', '37,443059N 7,917051W', 'N.I.D', '75', '28', 44, '2020-01-01', 'V'),
('ZVP2', '37,443234N 7,917349W', 'Cistus ladanifer ', '20', '28', 44, '2020-01-01', 'V'),
('ZVP2', '37,443234N 7,917349W', 'Quercus suber', '35', '28', 44, '2020-01-01', 'V'),
('ZVP2', '37,443234N 7,917349W', 'Lavendula stoechas', '5', '28', 44, '2020-01-01', 'V'),
('ZVP2', '37,443234N 7,917349W', 'N.I.D', '40', '28', 44, '2020-01-01', 'V'),
('ZVP3', '37,443366N 7,917382W', 'Avena fatua', '1', '28', 44, '2020-01-01', 'V'),
('ZVP3', '37,443366N 7,917382W', 'N.I.D', '99', '28', 44, '2020-01-01', 'V'),
('ZVP4', '37,443279N 7,917129W', 'Cistus ladanifer ', '5', '28', 41, '2020-01-01', 'V'),
('ZVP4', '37,443279N 7,917129W', 'Cistus monspeliensis', '20', '28', 41, '2020-01-01', 'V'),
('ZVP4', '37,443279N 7,917129W', 'Quercus suber', '20', '28', 41, '2020-01-01', 'V'),
('ZVP4', '37,443279N 7,917129W', 'N.I.D', '55', '28', 41, '2020-01-01', 'V'),
('ZVP5', '37,443321N 7,917014W', 'Cistus ladanifer ', '5', '28', 41, '2020-01-01', 'V'),
('ZVP5', '37,443321N 7,917014W', 'Cistus monspeliensis', '5', '28', 41, '2020-01-01', 'V'),
('ZPV5', '37,443321N 7,917014W', 'N.I.D', '90', '28', 41, '2020-01-01', 'V'),
('ZWP1', '37,442972N 7,915701W', 'Quercus suber', '55', '20', 60, '2020-01-01', 'W'),
('ZWP1', '37,442972N 7,915701W', 'N.I.D', '45', '20', 60, '2020-01-01', 'W'),
('ZWP2', '37,442823N 7,915643W', 'Briza maxima', '15', '20', 60, '2020-01-01', 'W'),
('ZWP2', '37,442823N 7,915643W', 'Trisetum flavecens', '2', '20', 60, '2020-01-01', 'W'),
('ZWP2', '37,442823N 7,915643W', 'N.I.D', '83', '20', 60, '2020-01-01', 'W'),
('ZWP3', '37,442679N 7,916522W', 'Quercus suber', '10', '20', 60, '2020-01-01', 'W'),
('ZWP3', '37,442679N 7,916522W', 'Briza maxima', '2', '20', 60, '2020-01-01', 'W'),
('ZWP3', '37,442679N 7,916522W', 'Daucus carota', '2', '20', 60, '2020-01-01', 'W'),
('ZWP3', '37,442679N 7,916522W', 'Trisetum flavecens', '2', '20', 60, '2020-01-01', 'W'),
('ZWP3', '37,442679N 7,916522W', 'N.I.D', '84', '20', 60, '2020-01-01', 'W'),
('ZWP4', '37,442450N 7,916280W', 'Briza maxima', '2', '20', 59, '2020-01-01', 'W'),
('ZWP4', '37,442450N 7,916280W', 'Trisetum flavecens', '3', '20', 59, '2020-01-01', 'W'),
('ZWP4', '37,442450N 7,916280W', 'N.I.D', '95', '20', 59, '2020-01-01', 'W'),
('ZWP5', '37,442237N 7,916675W', 'Trisetum flavecens', '2', '20', 59, '2020-01-01', 'W'),
('ZWP5', '37,442237N 7,916675W', 'N.I.D', '98', '20', 59, '2020-01-01', 'W'),
('ZWP6', '37,442893N 7,916852W', 'Ridolfia segetum ', '2', '20', 59, '2020-01-01', 'W'),
('ZWP6', '37,442893N 7,916852W', 'Quercus ilex', '20', '20', 59, '2020-01-01', 'W'),
('ZWP6', '37,442893N 7,916852W', 'Quercus suber', '15', '20', 59, '2020-01-01', 'W'),
('ZWP6', '37,442893N 7,916852W', 'Cistus monspeliensis', '10', '20', 59, '2020-01-01', 'W'),
('ZWP6', '37,442893N 7,916852W', 'Briza maxima', '1', '20', 59, '2020-01-01', 'W'),
('ZWP6', '37,442893N 7,916852W', 'N.I.D', '52', '20', 59, '2020-01-01', 'W'),
('ZXP1', '37,443216N 7,916219W', 'Eucalyptus globulus', '85', '22', 47, '2020-01-01', 'X'),
('ZXP1', '37,443216N 7,916219W', 'Cistus monspeliensis', '1', '22', 47, '2020-01-01', 'X'),
('ZXP1', '37,443216N 7,916219W', 'Quercus faginea', '1', '22', 47, '2020-01-01', 'X'),
('ZXP1', '37,443216N 7,916219W', 'N.I.D', '18', '22', 47, '2020-01-01', 'X'),
('ZXP2', '37,443323N 7,916268W', 'Selaginella kraussiana', '10', '22', 47, '2020-01-01', 'X'),
('ZXP2', '37,443323N 7,916268W', 'Eucalyptus globulus', '55', '22', 47, '2020-01-01', 'X'),
('ZXP2', '37,443323N 7,916268W', 'Cistus monspeliensis', '3', '22', 47, '2020-01-01', 'X'),
('ZXP2', '37,443323N 7,916268W', 'Quercus faginea', '1', '22', 47, '2020-01-01', 'X'),
('ZXP2', '37,443323N 7,916268W', 'N.I.D', '31', '22', 47, '2020-01-01', 'X'),
('ZXP3', '37,443117N 7,916119W', 'Laurus nobilis ', '100', '22', 47, '2020-01-01', 'X'),
('ZXP4', '37,443185N 7,916274W', 'Asparagus horridus', '1', '22', 47, '2020-01-01', 'X'),
('ZXP4', '37,443185N 7,916274W', 'Quercus faginea', '10', '22', 47, '2020-01-01', 'X'),
('ZXP4', '37,443185N 7,916274W', 'Cistus monspeliensis', '50', '22', 47, '2020-01-01', 'X'),
('ZXP4', '37,443185N 7,916274W', 'N.I.D', '39', '22', 47, '2020-01-01', 'X'),
('ZXP5', '37,443251N 7,916056W', 'Quercus coccifera', '5', '22', 47, '2020-01-01', 'X'),
('ZXP5', '37,443251N 7,916056W', 'Asparagus horridus', '1', '22', 47, '2020-01-01', 'X'),
('ZXP5', '37,443251N 7,916056W', 'Cistus monspeliensis', '30', '22', 47, '2020-01-01', 'X'),
('ZXP5', '37,443251N 7,916056W', 'Eucalyptus globulus', '50', '22', 47, '2020-01-01', 'X'),
('ZXP5', '37,443251N 7,916056W', 'Olea europaea', '5', '22', 47, '2020-01-01', 'X'),
('ZXP5', '37,443251N 7,916056W', 'N.I.D', '9', '22', 47, '2020-01-01', 'X'),
('ZYP1', '37,442854N 7,916025W', 'Daucus Carota', '10', '21', 44, '2020-01-01', 'Y'),
('ZYP1', '37,442854N 7,916025W', 'N.I.D', '90', '21', 44, '2020-01-01', 'Y'),
('ZYP2', '37,442670N 7,916089W', 'Avena fatua', '4', '21', 44, '2020-01-01', 'Y'),
('ZYP2', '37,442670N 7,916089W', 'N.I.D', '96', '21', 44, '2020-01-01', 'Y'),
('ZYP3', '37,442915N 7,916211W', 'cistus monspeliensis', '3', '22', 46, '2020-01-01', 'Y'),
('ZYP3', '37,442915N 7,916211W', 'Avena fatua', '2', '22', 46, '2020-01-01', 'Y'),
('ZYP3', '37,442915N 7,916211W', 'Briza maxima', '5', '22', 46, '2020-01-01', 'Y'),
('ZYP3', '37,442915N 7,916211W', 'N.I.D', '90', '22', 46, '2020-01-01', 'Y'),
('ZZP1', '37,442894N 7,915806W', 'Quercus coccifera', '15', '22', 48, '2020-01-01', 'Z'),
('ZZP1', '37,442894N 7,915806W', 'Quercus suber', '20', '22', 48, '2020-01-01', 'Z'),
('ZZP1', '37,442894N 7,915806W', 'N.I.D', '65', '22', 48, '2020-01-01', 'Z'),
('ZZP2', '37,442823N 7,915656W', 'Avena fatua', '1', '22', 48, '2020-01-01', 'Z'),
('ZZP2', '37,442823N 7,915656W', 'Quercus suber', '10', '22', 48, '2020-01-01', 'Z'),
('ZZP2', '37,442823N 7,915656W', 'N.I.D', '89', '22', 48, '2020-01-01', 'Z'),
('ZZP3', '37,442904N 7,915687W', 'Avena fatua', '5', '22', 46, '2020-01-01', 'Z'),
('ZZP3', '37,442904N 7,915687W', 'Quercus suber', '2', '22', 46, '2020-01-01', 'Z'),
('ZZP3', '37,442904N 7,915687W', 'N.I.D', '93', '22', 46, '2020-01-01', 'Z'),
('ZZP4', '37,442965N 7,915772W', 'Quercus coccifera', '25', '22', 46, '2020-01-01', 'Z'),
('ZZP4', '37,442965N 7,915772W', 'Quercus suber', '25', '22', 46, '2020-01-01', 'Z'),
('ZZP4', '37,442965N 7,915772W', 'Olea europaea', '20', '22', 46, '2020-01-01', 'Z'),
('ZZP4', '37,442965N 7,915772W', 'N.I.D', '30', '22', 46, '2020-01-01', 'Z'),
('ZZP5', '37,443018N 7,915891W', 'Quercus suber', '3', '22', 44, '2020-01-01', 'Z'),
('ZZP5', '37,443018N 7,915891W', 'Briza maxima', '3', '22', 44, '2020-01-01', 'Z'),
('ZZP5', '37,443018N 7,915891W', 'Daucus Carota', '2', '22', 44, '2020-01-01', 'Z'),
('ZZP5', '37,443018N 7,915891W', 'N.I.D', '92', '22', 44, '2020-01-01', 'Z');

INSERT INTO tree (zone, coordinate, height, circumference, volume, bio_concentration_id, tree_name) VALUES
('A', '37.443835,-7.922518', '4', '81', '21643', 1, 'Olea europaea'),
('B', '37.444783,-7.919555', '5', '40', '6283', 1, 'Olea europaea'),
('C', '37.4451439,-7.9192932', '3', '41', '3565', 1, 'Olea europaea'),
('D', '37.4448870, -7.9192657', '2', '61', '6137', 1, 'Olea europaea'),
('E', '37.4440628,-7.9191886', '6', '64', '19624', 2, 'Pinus halepensis'),
('T', '37.443590,-7.916195', '3', '80', '13572', 1, 'Olea europaea'),
('A', '37.444066,-7.919744', '5', '92', '36030', 1, 'Olea europaea'),
('B', '37.444852,-7.919500', '2', '30', '1272', 1, 'Olea europaea'),
('C', '37.4451966,-7.9192932', '3', '47', '4511', 1, 'Olea europaea'),
('E', '37.4440937,-7.9192292', '6', '74', '26665', 2, 'Pinus halepensis'),
('T', '37.443548,-7.916254', '3', '20', '942', 1, 'Olea europaea'),
('A', '37.444022,-7.919787', '3', '47', '4511', 1, 'Olea europaea'),
('B', '37.444890,-7.919416', '5', '67', '17628', 1, 'Olea europaea'),
('C', '37.4452216,-7.9191138', '2', '43', '3485', 1, 'Olea europaea'),
('D', '37.4449839, -7.9191856', '3', '34', '2724', 1, 'Olea europaea'),
('E', '37.4441536,-7.9192794', '5', '62', '15699', 2, 'Pinus halepensis'),
('P', '37.443923,-7.917818', '4', '20', '1382', 1, 'Eucalyptus globulus'),
('T', '37.443471,-7.916324', '3', '40', '4147', 1, 'Olea europaea'),
('A', '37.444006,-7.919814', '4', '72', '14250', 1, 'Olea europaea'),
('B', '37.444821,-7.919425', '3', '30', '2121', 1, 'Olea europaea'),
('C', '37.4453097,-7.9191205', '2', '36', '1730', 1, 'Olea europaea'),
('E', '37.4442106,-7.9193133', '5', '80', '26138', 2, 'Pinus halepensis'),
('P', '37.443908,-7.917733', '6', '25', '2896', 1, 'Eucalyptus globulus'),
('T', '37.443481,-7.916364', '4', '40', '4524', 1, 'Olea europaea'),
('A', '37.444011,-7.919844', '3', '63', '9975', 1, 'Olea europaea'),
('C', '37.4452687,-7.9190622', '2', '38', '2495', 1, 'Olea europaea'),
('E', '37.4442500,-7.9193378', '5', '57', '11993', 2, 'Pinus halepensis'),
('I', '37.443633,-7.918393', '2', '11', '219', 1, 'Olea europaea'),
('T', '37.443546,-7.916357', '4', '55', '8315', 1, 'Olea europaea'),
('A', '37.444113,-7.919864', '3', '65', '10950', 1, 'Olea europaea'),
('C', '37.4452972,-7.9189804', '2', '57', '5869', 1, 'Olea europaea'),
('E', '37.4442825,-7.9193710', '5', '56', '12808', 2, 'Pinus halepensis'),
('I', '37.443630,-7.918382', '3', '13', '332', 1, 'Olea europaea'),
('A', '37.444145,-7.919910', '4', '79', '20097', 1, 'Olea europaea'),
('C', '37.4454042,-7.9188647', '3', '40', '3142', 1, 'Olea europaea'),
('E', '37.4442995,-7.9194062', '5', '55', '12354', 2, 'Pinus halepensis'),
('I', '37.443653,-7.918398', '14', '104', '115530', 1, 'Olea europaea'),
('M', '37.444722,-7.917200', '3', '30', '2050', 1, 'Olea europaea'),
('T', '37.443630,-7.916315', '3', '40', '4021', 1, 'Olea europaea'),
('A', '37.444201,-7.919912', '3', '102', '26148', 1, 'Olea europaea'),
('C', '37.4454729,-7.9188909', '3', '38', '3176', 1, 'Olea europaea'),
('D', '37.4450893, -7.9188389', '5', '62', '14522', 1, 'Olea europaea'),
('E', '37.4443418,-7.9194199', '5', '57', '13269', 2, 'Pinus halepensis'),
('M', '37.444630,-7.917149', '3', '40', '3519', 1, 'Olea europaea'),
('T', '37.443677,-7.916363', '5', '35', '4426', 1, 'Olea europaea'),
('A', '37.444208,-7.919889', '4', '70', '13470', 1, 'Olea europaea'),
('E', '37.4443410,-7.9194585', '5', '58', '13475', 2, 'Pinus halepensis'),
('M', '37.444644,-7.917058', '3', '45', '3976', 1, 'Olea europaea'),
('T', '37.443695,-7.916369', '4', '50', '7854', 1, 'Olea europaea'),
('Z', '37.442896,-7.916048', '2', '1', '1', 1, 'Olea europaea'),
('A', '37.444211,-7.919856', '2', '44', '3345', 1, 'Olea europaea'),
('C', '37.4454833,-7.9188503', '2', '34', '2088', 1, 'Olea europaea'),
('E', '37.4443701,-7.9194045', '5', '64', '15442', 2, 'Pinus halepensis'),
('M', '37.444572,-7.917046', '3', '50', '5301', 1, 'Olea europaea'),
('T', '37.443634,-7.916424', '2', '5', '47', 1, 'Olea europaea'),
('A', '37.444212,-7.919772', '3', '40', '3644', 1, 'Olea europaea'),
('C', '37.4455280,-7.9188553', '2', '39', '2748', 1, 'Olea europaea'),
('E', '37.4443267,-7.9193629', '5', '51', '9193', 2, 'Pinus halepensis'),
('M', '37.444539,-7.917979', '3', '35', '2501', 1, 'Olea europaea'),
('T', '37.443663,-7.916550', '4', '45', '6044', 1, 'Olea europaea'),
('A', '37.444142,-7.919764', '2', '51', '4494', 1, 'Olea europaea'),
('C', '37.4455040,-7.9187625', '2', '70', '8851', 1, 'Olea europaea'),
('E', '37.4442383,-7.9193438', '4', '45', '6839', 2, 'Pinus halepensis'),
('M', '37.444583,-7.917902', '2', '50', '4516', 1, 'Olea europaea'),
('A', '37.444166,-7.919725', '5', '88', '31627', 1, 'Olea europaea'),
('C', '37.4454545,-7.9187440', '2', '45', '3340', 1, 'Olea europaea'),
('E', '37.4442135,-7.9193118', '5', '55', '11404', 2, 'Pinus halepensis'),
('M', '37.444540,-7.917803', '2', '37', '2365', 1, 'Olea europaea'),
('A', '37.444166,-7.919725', '5', '96', '38363', 1, 'Olea europaea'),
('C', '37.4455990,-7.9187564', '2', '38', '2382', 1, 'Olea europaea'),
('E', '37.4441821,-7.9192798', '5', '56', '13054', 2, 'Pinus halepensis'),
('M', '37.444503,-7.917911', '2', '35', '2309', 1, 'Olea europaea'),
('T', '37.443740,-7.916518', '5', '66', '15395', 1, 'Olea europaea'),
('A', '37.444229,-7.919715', '3', '66', '9237', 1, 'Olea europaea'),
('C', '37.4456403,-7.9188121', '2', '55', '4039', 1, 'Olea europaea'),
('E', '37.4441307,-7.9192332', '5', '55', '11404', 2, 'Pinus halepensis'),
('M', '37.444462,-7.917836', '2', '50', '4614', 1, 'Olea europaea'),
('C', '37.4456443,-7.9187718', '2', '49', '3583', 1, 'Olea europaea'),
('E', '37.4441102,-7.9192050', '5', '55', '11404', 2, 'Pinus halepensis'),
('M', '37.444482,-7.917641', '2', '25', '1129', 1, 'Olea europaea'),
('T', '37.443795,-7.916493', '4', '32', '3458', 1, 'Olea europaea'),
('A', '37.444261,-7.919655', '2', '55', '5464', 1, 'Olea europaea'),
('C', '37.4457204,-7.9187494', '2', '50', '4123', 1, 'Olea europaea'),
('E', '37.4441081,-7.9191427', '7', '84', '39347', 2, 'Pinus halepensis'),
('M', '37.444406,-7.917675', '2', '60', '6786', 1, 'Olea europaea'),
('T', '37.443838,-7.916510', '5', '40', '5655', 1, 'Olea europaea'),
('A', '37.444321,-7.919692', '2', '51', '4494', 1, 'Olea europaea'),
('C', '37.4456744,-7.9186910', '2', '46', '3158', 1, 'Olea europaea'),
('E', '37.4441398,-7.9191889', '5', '52', '10194', 2, 'Pinus halepensis'),
('M', '37.444361,-7.917610', '3', '30', '1767', 1, 'Olea europaea'),
('T', '37.443820,-7.916545', '5', '53', '11031', 1, 'Olea europaea'),
('A', '37.444298,-7.919951', '2', '63', '7481', 1, 'Olea europaea'),
('C', '37.4457384,-7.9185720', '3', '26', '1380', 1, 'Olea europaea'),
('E', '37.4441611,-7.9192164', '5', '50', '9228', 2, 'Pinus halepensis'),
('M', '37.444320,-7.917523', '2', '30', '1626', 1, 'Olea europaea'),
('C', '37.4458280,-7.9185435', '2', '42', '2632', 1, 'Olea europaea'),
('E', '37.4441925,-7.9192419', '4', '40', '5278', 2, 'Pinus halepensis'),
('M', '37.444401,-7.917509', '2', '30', '1626', 1, 'Olea europaea'),
('T', '37.443759,-7.916658', '5', '55', '11879', 1, 'Olea europaea'),
('Y', '37.442739,-7.915834', '3', '3', '19', 1, 'Olea europaea'),
('C', '37.4457457,-7.9184382', '2', '35', '1636', 1, 'Olea europaea'),
('E', '37.4442335,-7.9193019', '4', '56', '10837', 2, 'Pinus halepensis'),
('M', '37.444381,-7.917463', '2', '33', '1882', 1, 'Olea europaea'),
('T', '37.443769,-7.916635', '5', '60', '14703', 1, 'Olea europaea'),
('C', '37.4457119,-7.9184667', '2', '30', '1272', 1, 'Olea europaea'),
('E', '37.4442497,-7.9193411', '4', '57', '10973', 2, 'Pinus halepensis'),
('M', '37.444341,-7.917383', '2', '35', '2020', 1, 'Olea europaea'),
('T', '37.443871,-7.916718', '6', '65', '18251', 1, 'Olea europaea'),
('C', '37.4456230,-7.9185207', '2', '50', '3534', 1, 'Olea europaea'),
('E', '37.4442825,-7.9193676', '4', '66', '15053', 2, 'Pinus halepensis'),
('T', '37.443904,-7.916643', '3', '30', '2262', 1, 'Olea europaea'),
('C', '37,4456853 -7,9184074', '2', '40', '2513', 1, 'Olea europaea'),
('E', '37.4443323,-7.9194166', '4', '50', '7461', 2, 'Pinus halepensis'),
('T', '37.443969,-7.916646', '3', '30', '2191', 1, 'Olea europaea'),
('C', '37,4456861 -7,9183561', '2', '45', '3499', 1, 'Olea europaea'),
('E', '37.4443708,-7.9194075', '4', '72', '15879', 2, 'Pinus halepensis'),
('C', '37,4456174 -7,9182585', '2', '34', '1543', 1, 'Olea europaea'),
('E', '37.4443200,-7.9193549', '5', '63', '14963', 2, 'Pinus halepensis'),
('M', '37.444329,-7.917548', '3', '40', '4147', 1, 'Olea europaea'),
('T', '37.444955,-7.916751', '5', '50', '9817', 1, 'Olea europaea'),
('C', '37,4455754 -7,9183598', '2', '30', '1414', 1, 'Olea europaea'),
('E', '37.4442953,-7.9193207', '5', '57', '12248', 2, 'Pinus halepensis'),
('M', '37.444295,-7.917455', '4', '40', '5404', 1, 'Olea europaea'),
('T', '37.443880,-7.916806', '4', '50', '8443', 1, 'Olea europaea'),
('C', '37,4455471 -7,9182733', '2', '44', '3497', 1, 'Olea europaea'),
('E', '37.4442705,-7.9192999', '5', '57', '11738', 2, 'Pinus halepensis'),
('M', '37.444074,-7.917021', '3', '20', '848', 1, 'Olea europaea'),
('T', '37.443827,-7.916838', '4', '50', '8443', 1, 'Olea europaea'),
('C', '37,4455309 -7,9181610', '2', '57', '5869', 1, 'Olea europaea'),
('E', '37.4442420,-7.9192721', '5', '57', '11738', 2, 'Pinus halepensis'),
('M', '37.444051,-7.917958', '3', '11', '295', 1, 'Olea europaea'),
('E', '37.4442090,-7.9192466', '5', '64', '14476', 2, 'Pinus halepensis'),
('T', '37.443855,-7.916852', '3', '38', '3743', 1, 'Olea europaea'),
('C', '37,44553981 -7,9179015', '4', '37', '3871', 1, 'Olea europaea'),
('E', '37.4441896,-7.9192027', '5', '63', '15898', 2, 'Pinus halepensis'),
('C', '37,4453744 -7,9179672', '3', '13', '358', 1, 'Olea europaea'),
('E', '37.4441693,-7.9191752', '5', '63', '16521', 2, 'Pinus halepensis'),
('T', '37.443903,-7.916022', '3', '47', '4337', 1, 'Olea europaea'),
('C', '37,4453475 -7,9180007', '4', '65', '12278', 1, 'Olea europaea'),
('E', '37.4441299,-7.9191752', '7', '86', '39500', 2, 'Pinus halepensis'),
('T', '37.443055,-7.916059', '4', '40', '5278', 1, 'Olea europaea'),
('C', '37,4453605 -7,9180279', '2', '46', '3822', 1, 'Olea europaea'),
('E', '37.4442202,-7.9192040', '5', '53', '9928', 2, 'Pinus halepensis'),
('T', '37.443855,-7.917059', '3', '27', '1431', 1, 'Olea europaea'),
('C', '37,4453305 -7,9180540', '5', '75', '22089', 1, 'Olea europaea'),
('E', '37.4442505,-7.9192251', '4', '57', '11228', 2, 'Pinus halepensis'),
('T', '37.443900,-7.917146', '4', '58', '9247', 1, 'Olea europaea'),
('C', '37,44552666 -7,9182880', '2', '8', '90', 1, 'Olea europaea'),
('E', '37.4442732,-7.9192526', '5', '52', '9557', 2, 'Pinus halepensis'),
('T', '37.443915,-7.917150', '5', '50', '9228', 1, 'Olea europaea'),
('C', '37,44552187 -7,9184047', '4', '12', '418', 1, 'Olea europaea'),
('E', '37.4443056,-7.9192882', '5', '58', '12154', 2, 'Pinus halepensis'),
('T', '37.443930,-7.917268', '4', '43', '5809', 1, 'Olea europaea'),
('C', '37,4453821 -7,9184751', '2', '23', '997', 1, 'Olea europaea'),
('E', '37.4443418,-7.9193240', '4', '45', '6362', 2, 'Pinus halepensis'),
('T', '37.443850,-7.917293', '5', '63', '14651', 1, 'Olea europaea'),
('E', '37.4443663,-7.9193535', '4', '44', '6234', 2, 'Pinus halepensis'),
('T', '37.443853,-7.917345', '5', '36', '4886', 1, 'Olea europaea'),
('E', '37.4443988,-7.9193874', '4', '47', '7460', 2, 'Pinus halepensis'),
('T', '37.443839,-7.917422', '4', '36', '4479', 1, 'Olea europaea'),
('W', '37.4430500,-7.9167165', '3', '41', '4489', 1, 'Olea europaea'),
('C', '37,4453906 -7,9186267', '2', '50', '4123', 1, 'Olea europaea'),
('E', '37.4444520,-7.9193944', '4', '59', '11756', 2, 'Pinus halepensis'),
('T', '37.443786,-7.917434', '5', '105', '44161', 1, 'Olea europaea'),
('C', '37,4453749 -7,9186542', '3', '14', '385', 1, 'Olea europaea'),
('E', '37.4444033,-7.9193489', '4', '50', '7461', 2, 'Pinus halepensis'),
('T', '37.443708,-7.917531', '4', '12', '475', 1, 'Olea europaea'),
('E', '37.4443392,-7.9192862', '4', '63', '13716', 2, 'Pinus halepensis'),
('T', '37.443651,-7.917724', '5', '20', '1414', 1, 'Olea europaea'),
('E', '37.4442878,-7.9192359', '6', '62', '16605', 2, 'Pinus halepensis'),
('E', '37.4442436,-7.9191668', '5', '48', '9048', 2, 'Pinus halepensis'),
('E', '37.4442119,-7.9191443', '6', '48', '10134', 2, 'Pinus halepensis'),
('A', '37.444864,-7.919995', '3', '54', '6871', 1, 'Olea europaea'),
('E', '37.4441757,-7.9191098', '6', '74', '27525', 2, 'Pinus halepensis'),
('A', '37.444611,-7.919886', '3', '46', '4487', 1, 'Olea europaea'),
('E', '37.4441824,-7.9190605   ', '7', '82', '35911', 2, 'Pinus halepensis'),
('A', '37.444386,-7.919935', '3', '65', '10950', 1, 'Olea europaea'),
('E', '37.4442372,-7.9191289', '5', '48', '8505', 2, 'Pinus halepensis'),
('A', '37.444794,-7.919586', '5', '98', '40732', 1, 'Olea europaea'),
('E', '37.4442790,-7.9191725', '5', '44', '6994', 2, 'Pinus halepensis'),
('X', 'tree trunk 1', '25', '65', '81298', 1, 'Eucalyptus globulus'),
('A', '37.444832,-7.919833', '6', '111', '54191', 1, 'Olea europaea'),
('E', '37.4443102,-7.9191993', '5', '54', '10993', 2, 'Pinus halepensis'),
('X', 'tree trunk 1', '9', '35', '8659', 1, 'Eucalyptus globulus'),
('A', '37.444429,-7.919739', '3', '72', '12622', 1, 'Olea europaea'),
('E', '37.4443309,-7.9192318', '5', '57', '11993', 2, 'Pinus halepensis'),
('X', 'tree trunk 1', '13', '32', '10455', 1, 'Eucalyptus globulus'),
('A', '37.444216,-7.919770', '5', '102', '40856', 1, 'Olea europaea'),
('E', '37.4443645,-7.9192510', '5', '53', '9928', 2, 'Pinus halepensis'),
('X', 'tree trunk 1', '8', '12', '905', 1, 'Eucalyptus globulus'),
('A', '37.444744,-7.919269', '5', '96', '34743', 1, 'Olea europaea'),
('E', '37.4443921,-7.9192888', '4', '62', '12982', 2, 'Pinus halepensis'),
('X', 'tree trunk 1', '12', '21', '4156', 1, 'Eucalyptus globulus'),
('A', '37.444590,-7.919686', '6', '60', '15551', 1, 'Olea europaea'),
('E', '37.4444371,-7.9193351', '4', '51', '7763', 2, 'Pinus halepensis'),
('U', '37.443498,-7.916886', '8', '26', '3982', 1, 'Eucalyptus globulus'),
('X', 'tree trunk 1', '19', '85', '107815', 1, 'Eucalyptus globulus'),
('A', '37.444390,-7.919602', '5', '53', '10148', 1, 'Olea europaea'),
('E', '37.4444773,-7.9193348', '4', '45', '5885', 2, 'Pinus halepensis'),
('U', '37.443515,-7.916905', '5', '20', '1571', 1, 'Eucalyptus globulus'),
('X', 'tree trunk 1', '7', '22', '2661', 1, 'Eucalyptus globulus'),
('A', '37.444354,-7.919555', '7', '65', '22896', 1, 'Olea europaea'),
('E', '37.4444201,-7.9192714', '4', '52', '9344', 2, 'Pinus halepensis'),
('X', 'tree trunk 1', '11', '23', '4570', 1, 'Eucalyptus globulus'),
('A', '37.444425,-7.919673', '6', '132', '76635', 1, 'Olea europaea'),
('E', '37.4443969,-7.9192453', '6', '55', '13067', 2, 'Pinus halepensis'),
('X', 'tree trunk 1', '10', '35', '9621', 1, 'Eucalyptus globulus'),
('E', '37.4443437,-7.9191929', '6', '57', '15055', 2, 'Pinus halepensis'),
('E', '37.4442905,-7.9191366', '6', '50', '11192', 2, 'Pinus halepensis'),
('X', 'tree trunk 1', '11', '30', '7775', 1, 'Eucalyptus globulus'),
('E', '37.4442617,-7.9191088', '6', '74', '27095', 2, 'Pinus halepensis'),
('X', 'tree trunk 1', '14', '47', '24289', 1, 'Eucalyptus globulus'),
('E', '37.4442311,-7.9190743', '7', '63', '20574', 2, 'Pinus halepensis'),
('U', '37.443300,-7.916245', '5', '22', '1901', 1, 'Eucalyptus globulus'),
('X', 'tree trunk 1', '21', '63', '65462', 1, 'Eucalyptus globulus'),
('E', '37.4442686,-7.9190659', '4', '42', '5819', 2, 'Pinus halepensis'),
('U', '37.443300,-7.916245', '8', '30', '5655', 1, 'Eucalyptus globulus'),
('X', 'tree trunk 1', '18', '40', '22619', 1, 'Eucalyptus globulus'),
('E', '37.4443213,-7.9191259', '4', '57', '10462', 2, 'Pinus halepensis'),
('U', '37.443300,-7.916245', '5', '14', '770', 1, 'Eucalyptus globulus'),
('X', 'tree trunk 1', '21', '55', '49892', 1, 'Eucalyptus globulus'),
('E', '37.4443983,-7.9192131', '5', '54', '10306', 2, 'Pinus halepensis'),
('U', '37.443300,-7.916245', '9', '35', '8659', 1, 'Eucalyptus globulus'),
('X', 'tree trunk 1', '20', '40', '25133', 1, 'Eucalyptus globulus'),
('E', '37.4444536,-7.9192563', '5', '59', '12576', 2, 'Pinus halepensis'),
('U', '37.443300,-7.916245', '9', '37', '9677', 1, 'Eucalyptus globulus'),
('X', ' ', '11', '23', '4570', 1, 'Eucalyptus globulus'),
('E', '37.4444552,-7.9192188', '5', '52', '9981', 2, 'Pinus halepensis'),
('U', '37.443300,-7.916245', '5', '18', '1272', 1, 'Eucalyptus globulus'),
('X', 'tree trunk 1', '10', '29', '6605', 1, 'Eucalyptus globulus'),
('E', '37.4444225,-7.9191936', '5', '47', '7981', 2, 'Pinus halepensis'),
('U', '37.443300,-7.916245', '2', '13', '199', 1, 'Eucalyptus globulus'),
('W', '37.4427926,-7.9163307', '7', '81', '36071', 1, 'Olea europaea'),
('X', 'tree trunk 1', '17', '21', '5888', 1, 'Eucalyptus globulus'),
('E', '37.4443919,-7.9191554', '5', '48', '9410', 2, 'Pinus halepensis'),
('U', '37.443300,-7.916245', '3', '10', '236', 1, 'Eucalyptus globulus'),
('W', '37.4428208,-7.9163562', '4', '56', '10345', 1, 'Olea europaea'),
('X', 'tree trunk 1', '19', '45', '30218', 1, 'Eucalyptus globulus'),
('E', '37.4443397,-7.9191021', '5', '58', '13475', 2, 'Pinus halepensis'),
('U', '37.443122,-7.916634', '6', '18', '1527', 1, 'Eucalyptus globulus'),
('W', '37.4427982,-7.9161805', '3', '39', '3823', 1, 'Olea europaea'),
('X', 'tree trunk 1', '22', '40', '27646', 1, 'Eucalyptus globulus'),
('E', '37.4442982,-7.9190608', '5', '54', '11909', 2, 'Pinus halepensis'),
('U', '37.443122,-7.916634', '8', '26', '4247', 1, 'Eucalyptus globulus'),
('X', 'tree trunk 1', '11', '26', '5840', 1, 'Eucalyptus globulus'),
('E', '    37.4442803,-7.9189733', '7', '78', '32015', 2, 'Pinus halepensis'),
('W', '37.442801,-7.916053', '2', '48', '3619', 1, 'Olea europaea'),
('X', 'tree trunk 1', '6', '21', '2078', 1, 'Eucalyptus globulus'),
('E', '    37.4443706,-7.9180689', '4', '30', '2827', 2, 'Pinus halepensis'),
('X', 'tree trunk ', '20', '105', '173180', 1, 'Eucalyptus globulus'),
('E', '    37.4444587,-7.9181534', '4', '40', '5278', 2, 'Pinus halepensis'),
('W', '37.4429217,-7.9163448', '6', '115', '62321', 1, 'Olea europaea'),
('X', 'tree trunk 1', '10', '26', '5309', 1, 'Eucalyptus globulus'),
('E', '    37.4445242,-7.9182104', '3', '22', '1026', 2, 'Pinus halepensis'),
('W', '37.4429198,-7.9164246', '4', '85', '23265', 1, 'Olea europaea'),
('X', 'tree trunk 1', '18', '32', '14476', 1, 'Eucalyptus globulus'),
('E', '    37.4444937,-7.9182603', '5', '40', '6032', 2, 'Pinus halepensis'),
('I', '37.443577,-7.918725', '3', '29', '1830', 1, 'Olea europaea'),
('X', 'tree trunk 1', '8', '23', '3324', 1, 'Eucalyptus globulus'),
('E', '    37.4445372,-7.9181886', '3', '24', '1448', 2, 'Pinus halepensis'),
('I', '37.443709,-7.919018', '2', '3', '11', 1, 'Olea europaea'),
('X', 'tree trunk 1', '21', '65', '69684', 1, 'Eucalyptus globulus'),
('E', '    37.4445196,-7.9181651', '4', '25', '1963', 2, 'Pinus halepensis'),
('X', 'tree trunk 1', '12', '38', '13609', 1, 'Eucalyptus globulus'),
('E', '    37.4444544,-7.9180974', '7', '79', '36272', 2, 'Pinus halepensis'),
('X', 'tree trunk 1', '8', '12', '905', 1, 'Eucalyptus globulus'),
('E', '    37.4444126,-7.9180655', '4', '24', '1945', 1, 'Olea europaea'),
('X', 'tree trunk 1', '18', '41', '23765', 1, 'Eucalyptus globulus'),
('E', '    37.4445511,-7.9182781', '6', '62', '16605', 2, 'Pinus halepensis'),
('X', 'tree trunk 1', '10', '30', '7069', 1, 'Eucalyptus globulus'),
('E', '    37.4445511,-7.9181748', '3', '24', '1267', 2, 'Pinus halepensis'),
('X', 'tree trunk 1', '21', '65', '69684', 1, 'Eucalyptus globulus'),
('E', '    37.4443666,-7.9180310', '6', '42', '7620', 2, 'Pinus halepensis'),
('X', 'tree trunk 1', '9', '22', '3421', 1, 'Eucalyptus globulus'),
('E', '    37.4443525,-7.9189998', '5', '54', '11451', 2, 'Pinus halepensis'),
('X', 'tree trunk 1', '18', '53', '39711', 1, 'Eucalyptus globulus'),
('E', '    37.4443402,-7.9189596', '7', '60', '20358', 2, 'Pinus halepensis'),
('X', 'tree trunk 1', '12', '25', '5890', 1, 'Eucalyptus globulus'),
('E', '    37.4444060,-7.9180153', '5', '45', '7952', 2, 'Pinus halepensis'),
('X', 'tree trunk 1', '12', '21', '4156', 1, 'Eucalyptus globulus'),
('E', '    37.4445758,-7.9181695', '3', '20', '974', 2, 'Pinus halepensis'),
('X', 'tree trunk 1', '22', '51', '44942', 1, 'Eucalyptus globulus'),
('E', '    37.4446064,-7.9181997', '4', '28', '2340', 2, 'Pinus halepensis'),
('X', 'tree trunk 1', '12', '35', '11545', 1, 'Eucalyptus globulus'),
('E', '    37.4446307,-7.9181738', '3', '20', '1005', 2, 'Pinus halepensis'),
('X', 'tree trunk 1', '21', '54', '48095', 1, 'Eucalyptus globulus'),
('E', '    37.4446168,-7.9181537', '3', '21', '1108', 2, 'Pinus halepensis'),
('X', 'tree trunk 1', '10', '28', '6158', 1, 'Eucalyptus globulus'),
('E', '    37.4446003,-7.9181329', '3', '29', '2114', 2, 'Pinus halepensis'),
('X', 'tree trunk 1', '12', '32', '9651', 1, 'Eucalyptus globulus'),
('E', '    37.4445843,-7.9181120', '4', '34', '3722', 2, 'Pinus halepensis'),
('X', 'tree trunk 1', '7', '15', '1237', 1, 'Eucalyptus globulus'),
('E', '    37.4444819,-7.9180488', '5', '54', '10535', 2, 'Pinus halepensis'),
('X', 'tree trunk 1', '8', '23', '3324', 1, 'Eucalyptus globulus'),
('E', '    37.4444483,-7.9180005', '5', '58', '12154', 2, 'Pinus halepensis'),
('X', 'tree trunk 1', '21', '65', '69684', 1, 'Eucalyptus globulus'),
('E', '37.4444097,-7.9189854', '4', '47', '6246', 2, 'Pinus halepensis'),
('X', 'tree trunk 1', '8', '23', '3324', 1, 'Eucalyptus globulus'),
('E', '37.4443828,-7.9189586', '4', '49', '6789', 2, 'Pinus halepensis'),
('X', 'tree trunk 1', '19', '40', '23876', 1, 'Eucalyptus globulus'),
('E', '37.4443575,-7.9189231', '6', '57', '15566', 2, 'Pinus halepensis'),
('X', 'tree trunk 1', '22', '65', '73003', 1, 'Eucalyptus globulus'),
('E', '37.4443426,-7.9188791', '5', '65', '17919', 2, 'Pinus halepensis'),
('X', 'tree trunk 1', '22', '70', '84666', 1, 'Eucalyptus globulus'),
('E', '37.4444020,-7.9189244', '5', '53', '11031', 2, 'Pinus halepensis'),
('X', 'tree trunk 1', '17', '45', '27037', 1, 'Eucalyptus globulus'),
('E', '37.4444912,-7.9189992', '6', '44', '8363', 2, 'Pinus halepensis'),
('X', 'tree trunk 1', '19', '58', '50199', 1, 'Eucalyptus globulus'),
('E', '37.4445196,-7.9180216', '6', '60', '17247', 2, 'Pinus halepensis'),
('X', 'tree trunk 1', '22', '53', '48536', 1, 'Eucalyptus globulus'),
('E', '37.4445428,-7.9180582', '6', '66', '20527', 2, 'Pinus halepensis'),
('X', 'tree trunk 1', '23', '58', '60768', 1, 'Eucalyptus globulus'),
('E', '37.4446653,-7.9181551', '3', '48', '6152', 2, 'Pinus halepensis'),
('X', 'tree trunk 1', '23', '46', '38224', 1, 'Eucalyptus globulus'),
('E', '37.4446501,-7.9181306', '3', '37', '3333', 2, 'Pinus halepensis'),
('X', 'tree trunk 1', '16', '48', '28953', 1, 'Eucalyptus globulus'),
('E', '37.4446368,-7.9181091', '4', '33', '3079', 2, 'Pinus halepensis'),
('X', 'tree trunk 1', '23', '55', '54644', 1, 'Eucalyptus globulus'),
('E', '37.4446176,-7.9180820', '4', '55', '10454', 2, 'Pinus halepensis'),
('E', '37.4445819,-7.9180474', '5', '60', '14985', 2, 'Pinus halepensis'),
('E', '37.4445508,-7.9189971', '5', '64', '15763', 2, 'Pinus halepensis'),
('E', '37.4445173,-7.9189613', '5', '63', '15274', 2, 'Pinus halepensis'),
('E', '37.4444539,-7.9189257', '5', '58', '12682', 2, 'Pinus halepensis'),
('E', '37.4443839,-7.9188785', '5', '60', '14137', 2, 'Pinus halepensis'),
('E', '37.4443621,-7.9188218', '6', '84', '33805', 2, 'Pinus halepensis'),
('E', '37.4444047,-7.9188369', '5', '54', '10306', 2, 'Pinus halepensis'),
('E', '37.4444318,-7.9188667', '5', '64', '16085', 2, 'Pinus halepensis'),
('E', '37.4444395,-7.9187809', '5', '62', '15397', 2, 'Pinus halepensis'),
('E', '37.4444672,-7.9188282', '5', '39', '5495', 2, 'Pinus halepensis'),
('E', '37.4444558,-7.9182299', '5', '65', '17919', 2, 'Pinus halepensis'),
('E', '37.4444811,-7.9188332', '6', '67', '19391', 2, 'Pinus halepensis'),
('E', '37.4444962,-7.9187993', '6', '67', '20449', 2, 'Pinus halepensis'),
('E', '37.4442571,-7.9189150', '5', '53', '11693', 2, 'Pinus halepensis'),
('E', '37.4445673,-7.9189542', '5', '42', '6234', 2, 'Pinus halepensis'),
('E', '37.4445995,-7.9189978', '5', '47', '7807', 2, 'Pinus halepensis'),
('E', '37.4446248,-7.9180317', '4', '51', '8784', 2, 'Pinus halepensis'),
('E', '37.4446583,-7.9180682', '4', '46', '6648', 2, 'Pinus halepensis'),
('E', '37.4446911,-7.9181178', '6', '70', '23091', 2, 'Pinus halepensis'),
('E', '37.4446977,-7.9180716', '4', '50', '7854', 2, 'Pinus halepensis'),
('X', 'tree trunk 2', '25', '46', '40717', 1, 'Eucalyptus globulus'),
('X', 'tree trunk 3', '24', '110', '223328', 1, 'Eucalyptus globulus'),
('X', 'tree trunk 4', '12', '35', '11064', 1, 'Eucalyptus globulus'),
('X', 'tree trunk 2', '24', '94', '166555', 1, 'Eucalyptus globulus'),
('X', 'tree trunk 3', '15', '42', '20782', 1, 'Eucalyptus globulus'),
('X', 'tree trunk 4', '11', '31', '8302', 1, 'Eucalyptus globulus'),
('X', 'tree trunk 2', '15', '42', '20782', 1, 'Eucalyptus globulus'),
('X', 'tree trunk 3', '13', '35', '12507', 1, 'Eucalyptus globulus'),
('X', 'tree trunk 4', '22', '92', '146247', 1, 'Eucalyptus globulus'),
('X', 'tree trunk 5', '13', '18', '3308', 1, 'Eucalyptus globulus'),
('X', 'tree trunk 6', '16', '64', '51472', 1, 'Eucalyptus globulus'),
('X', 'tree trunk 2', '8', '14', '1232', 1, 'Eucalyptus globulus'),
('X', 'tree trunk 2', '11', '26', '5840', 1, 'Eucalyptus globulus'),
('X', 'tree trunk 3', '13', '23', '5401', 1, 'Eucalyptus globulus'),
('X', 'tree trunk 4', '12', '20', '3770', 1, 'Eucalyptus globulus'),
('X', 'tree trunk 5', '13', '34', '11803', 1, 'Eucalyptus globulus'),
('X', 'tree trunk 6', '10', '57', '25518', 1, 'Eucalyptus globulus'),
('X', 'tree trunk 7', '24', '96', '173717', 1, 'Eucalyptus globulus'),
('X', 'tree trunk 8', '22', '86', '127794', 1, 'Eucalyptus globulus'),
('X', 'tree trunk 2', '13', '30', '9189', 1, 'Eucalyptus globulus'),
('X', 'tree trunk 2', '12', '30', '8482', 1, 'Eucalyptus globulus'),
('X', 'tree trunk 3', '23', '82', '121463', 1, 'Eucalyptus globulus'),
('X', 'tree trunk 4', '8', '20', '2513', 1, 'Eucalyptus globulus'),
('X', 'tree trunk 2', '9', '37', '9677', 1, 'Eucalyptus globulus'),
('X', 'tree trunk 3', '15', '55', '35637', 1, 'Eucalyptus globulus'),
('X', 'tree trunk 4', '21', '60', '59376', 1, 'Eucalyptus globulus'),
('X', 'tree trunk 5', '23', '88', '139889', 1, 'Eucalyptus globulus'),
('X', 'tree trunk 6', '8', '47', '13880', 1, 'Eucalyptus globulus'),
('X', 'tree trunk 7', '14', '47', '24289', 1, 'Eucalyptus globulus'),
('X', 'tree trunk 2', '10', '42', '13854', 1, 'Eucalyptus globulus'),
('X', 'tree trunk 3', '20', '85', '113490', 1, 'Eucalyptus globulus'),
('X', 'tree trunk 4', '13', '40', '16336', 1, 'Eucalyptus globulus'),
('X', 'tree trunk 5', '12', '36', '12215', 1, 'Eucalyptus globulus'),
('X', 'tree trunk 2', '18', '55', '42765', 1, 'Eucalyptus globulus'),
('X', 'tree trunk 3', '22', '32', '17693', 1, 'Eucalyptus globulus'),
('X', 'tree trunk 4', '12', '41', '15843', 1, 'Eucalyptus globulus'),
('X', 'tree trunk 5', '15', '46', '24929', 1, 'Eucalyptus globulus'),
('X', 'tree trunk 6', '19', '48', '34382', 1, 'Eucalyptus globulus'),
('X', 'tree trunk 7', '11', '32', '8847', 1, 'Eucalyptus globulus'),
('X', 'tree trunk 8', '8', '31', '6038', 1, 'Eucalyptus globulus'),
('X', 'tree trunk 2', '19', '43', '27592', 1, 'Eucalyptus globulus'),
('X', 'tree trunk 2', '15', '35', '14432', 1, 'Eucalyptus globulus'),
('X', 'tree trunk 3', '18', '39', '21503', 1, 'Eucalyptus globulus'),
('X', 'tree trunk 4', '13', '25', '6381', 1, 'Eucalyptus globulus'),
('X', 'tree trunk 5', '12', '26', '6371', 1, 'Eucalyptus globulus'),
('X', 'tree trunk 2', '18', '45', '28628', 1, 'Eucalyptus globulus'),
('X', 'tree trunk 3', '15', '33', '12829', 1, 'Eucalyptus globulus'),
('X', 'tree trunk 2', '9', '21', '3117', 1, 'Eucalyptus globulus'),
('X', 'tree trunk 2', '20', '32', '16085', 1, 'Eucalyptus globulus'),
('X', 'tree trunk 3', '12', '19', '3402', 1, 'Eucalyptus globulus'),
('X', 'tree trunk 2', '5', '20', '1571', 1, 'Eucalyptus globulus'),
('X', 'tree trunk 2', '10', '25', '4909', 1, 'Eucalyptus globulus'),
('X', 'tree trunk 2', '12', '27', '6871', 1, 'Eucalyptus globulus'),
('X', 'tree trunk 2', '13', '31', '9812', 1, 'Eucalyptus globulus'),
('X', 'tree trunk 3', '14', '32', '11259', 1, 'Eucalyptus globulus'),
('X', 'tree trunk 4', '10', '28', '6158', 1, 'Eucalyptus globulus'),
('X', 'tree trunk 5', '10', '21', '3464', 1, 'Eucalyptus globulus'),
('X', 'tree trunk 2', '13', '39', '15530', 1, 'Eucalyptus globulus'),
('X', 'tree trunk 3', '11', '31', '8302', 1, 'Eucalyptus globulus'),
('X', 'tree trunk 2', '16', '30', '11310', 1, 'Eucalyptus globulus'),
('X', 'tree trunk 2', '18', '52', '38227', 1, 'Eucalyptus globulus'),
('X', 'tree trunk 3', '12', '30', '8482', 1, 'Eucalyptus globulus'),
('X', 'tree trunk 4', '13', '24', '5881', 1, 'Eucalyptus globulus'),
('X', 'tree trunk 2', '11', '26', '5840', 1, 'Eucalyptus globulus'),
('X', 'tree trunk 3', '11', '32', '8847', 1, 'Eucalyptus globulus'),
('X', 'tree trunk 4', '8', '17', '1816', 1, 'Eucalyptus globulus'),
('X', 'tree trunk 5', '15', '38', '17012', 1, 'Eucalyptus globulus'),
('X', 'tree trunk 6', '7', '18', '1781', 1, 'Eucalyptus globulus'),
('X', 'tree trunk 2', '14', '36', '14250', 1, 'Eucalyptus globulus'),
('X', 'tree trunk 3', '16', '35', '15394', 1, 'Eucalyptus globulus'),
('X', 'tree trunk 2', '13', '39', '15530', 1, 'Eucalyptus globulus'),
('X', 'tree trunk 3', '23', '63', '71697', 1, 'Eucalyptus globulus'),
('X', 'tree trunk 2', '7', '27', '4008', 1, 'Eucalyptus globulus'),
('X', 'tree trunk 3', '15', '34', '13619', 1, 'Eucalyptus globulus'),
('X', 'tree trunk 4', '15', '33', '12829', 1, 'Eucalyptus globulus'),
('X', 'tree trunk 5', '6', '15', '1060', 1, 'Eucalyptus globulus'),
('X', 'tree trunk 6', '7', '18', '1781', 1, 'Eucalyptus globulus'),
('X', 'tree trunk 7', '21', '90', '133596', 1, 'Eucalyptus globulus'),
('X', 'tree trunk 2', '8', '22', '3041', 1, 'Eucalyptus globulus'),
('X', 'tree trunk 2', '21', '62', '63400', 1, 'Eucalyptus globulus'),
('X', 'tree trunk 2', '13', '22', '4942', 1, 'Eucalyptus globulus'),
('X', 'tree trunk 2', '13', '20', '4084', 1, 'Eucalyptus globulus'),
('X', 'tree trunk 3', '9', '12', '1018', 1, 'Eucalyptus globulus'),
('X', 'tree trunk 4', '14', '28', '8621', 1, 'Eucalyptus globulus'),
('X', 'tree trunk 5', '15', '32', '12064', 1, 'Eucalyptus globulus'),
('X', 'tree trunk 2', '17', '39', '20308', 1, 'Eucalyptus globulus'),
('X', 'tree trunk 3', '17', '35', '16356', 1, 'Eucalyptus globulus'),
('X', 'tree trunk 2', '22', '63', '68579', 1, 'Eucalyptus globulus'),
('X', 'tree trunk 2', '20', '58', '52842', 1, 'Eucalyptus globulus'),
('X', 'tree trunk 3', '15', '45', '23856', 1, 'Eucalyptus globulus'),
('X', 'tree trunk 4', '11', '34', '9987', 1, 'Eucalyptus globulus'),
('X', 'tree trunk 5', '16', '38', '18146', 1, 'Eucalyptus globulus'),
('X', 'tree trunk 2', '23', '86', '133602', 1, 'Eucalyptus globulus'),
('X', 'tree trunk 3', '14', '39', '16724', 1, 'Eucalyptus globulus'),
('X', 'tree trunk 2', '22', '55', '52268', 1, 'Eucalyptus globulus'),
('X', 'tree trunk 2', '15', '32', '12064', 1, 'Eucalyptus globulus'),
('X', 'tree trunk 3', '14', '30', '9896', 1, 'Eucalyptus globulus'),
('X', 'tree trunk 4', '12', '29', '7926', 1, 'Eucalyptus globulus'),
('X', 'tree trunk 5', '18', '54', '41224', 1, 'Eucalyptus globulus'),
('X', 'tree trunk 6', '23', '46', '38224', 1, 'Eucalyptus globulus'),
('X', 'tree trunk 7', '18', '36', '18322', 1, 'Eucalyptus globulus'),
('X', 'tree trunk 2', '17', '20', '5341', 1, 'Eucalyptus globulus'),
('X', 'tree trunk 3', '15', '55', '35637', 1, 'Eucalyptus globulus'),
('X', 'tree trunk 4', '10', '20', '3142', 1, 'Eucalyptus globulus'),
('X', 'tree trunk 1', '23', '54', '52675', 1, 'Eucalyptus globulus'),
('X', 'tree trunk 2', '24', '57', '61242', 1, 'Eucalyptus globulus'),
('X', 'tree trunk 3', '14', '30', '9896', 1, 'Eucalyptus globulus');

INSERT INTO tree_name (tree_name, coordinate_count) VALUES
('Arbutus unedo L.', 2),
('Ceratonia siliqua', 2),
('Citrus ? sinensis', 21),
('Citrus Limonia', 1),
('Cupressus sempervirens', 23),
('Cydonia oblonga', 4),
('Eriobotrya japonica', 1),
('Eucalyptus globulus', 176),
('Ficus carica', 8),
('melia azedarach', 1),
('Mespilus germanica', 3),
('Myoporum Laetrum', 7),
('N/A', 1),
('Olea europaea', 145),
('Phoenix canariensis', 1),
('Pinus halepensis', 617);

INSERT INTO zone (zone, area, classification, plots) VALUES
('A', 2642, '', 5),
('B', 831, 'transition', 5),
('C', 11743, '', 5),
('D', 1306, 'transition', 5),
('E', 6739, '', 2),
('F', 652, '', 3),
('G', 858, '', 3),
('H', 4217, '', 5),
('I', 10158, 'transition', 10),
('J', 238, '', 3),
('K', 4788, '', 3),
('L', 1309, '', 2),
('M', 4695, '', 5),
('N', 1471, '', 3),
('O', 1088, '', 5),
('P', 1167, 'transition', 3),
('Q', 606, '', 3),
('R', 443, 'transition', 5),
('S', 1839, 'transition', 5),
('T', 5002, 'transition', 7),
('U', 4943, '', 5),
('V', 3551, '', 5),
('W', 8490, '', 6),
('X', 670, '', 5),
('Y', 630, 'transition', 3),
('Z', 1850, 'transition', 5);

